bandwidth,optimizer,energy,device
750,4.588355641248654,0,2
1000,1.0449411067108514,0,2
1250,2.0042763655212497,0,2
1500,6.293469674390153,0,2
1750,9.076576001696395,0,2
2000,9.836622417344216,0,2
2250,10.121517108407232,0,2
2500,10.121517108407232,0,2
2750,10.121517108407232,0,2
3000,10.121517108407232,0,2
inf,13.318581377586597,0,2
