bandwidth,optimizer,energy,device,payload
100,2.2962394293467128,0,2,0
600,4.588355641248654,0,2,75.76330000000002
1100,1.0449411067108514,0,2,0.8273
1600,7.633842583411678,0,2,85.36330000000002
2100,10.121517108407232,0,2,21.335300000000004
2600,10.121517108407232,0,2,21.335300000000004
