bandwidth,optimizer,energy,device
375,2.854292265548878,0,2
500,8.585860441002609,0,2
625,8.939063432234718,0,2
750,8.939063432234718,0,2
875,8.939063432234718,0,2
1000,8.939063432234718,0,2
1250,8.939063432234718,0,2
1500,8.939063432234718,0,2
1750,8.939063432234718,0,2
2000,8.939063432234718,0,2
3000,10.41694324876434,0,6
inf,12.371707448642283,0,2
