bandwidth,optimizer,energy,device
750,0.779267353149919,0,2
1000,2.4771797782512124,0,3
1250,0.474149176778738,0,2
1500,1.9133719482567244,0,2
1750,3.2242246044787493,0,3
2000,7.765354730692906,0,3
2250,8.829847258530492,0,3
2500,9.666927567933726,0,4
2750,11.539380828882784,0,5
3000,12.12853006229571,0,5
inf,14.907598907785527,0,5
