bandwidth,optimizer,energy,device,payload
375,4.2251235512935637e-05,0,1,0
475,4.2251235512935637e-05,0,1,0
575,4.2251235512935637e-05,0,1,0
675,4.2251235512935637e-05,0,1,0
775,4.2251235512935637e-05,0,1,0
875,4.2251235512935637e-05,0,1,0
975,4.2251235512935637e-05,0,1,0
1075,4.2251235512935637e-05,0,1,0
1175,4.2251235512935637e-05,0,1,0
1275,4.2251235512935637e-05,0,1,0
1375,4.2251235512935637e-05,0,1,0
1475,4.2251235512935637e-05,0,1,0
