bandwidth,optimizer,energy,device,payload
750,2.3921319519936617,0,2,0.241
1000,6.03626671556367,0,3,1.9409
1250,9.031381383347977,0,4,5.5389
1500,11.028124495204196,0,4,5.5389
1750,11.599280515863157,0,4,5.6533999999999995
2000,11.721086386120263,0,4,5.6533999999999995
2250,11.815824285209104,0,4,5.6533999999999995
2500,11.113912500600307,0,3,4.9285
2750,11.610026341660529,0,3,4.9285
3000,11.894408717633056,0,3,4.9514
inf,11.131593997895692,0,7,65.67650000000002
