bandwidth,optimizer,energy,device
375,8.408125699889652,0,4
500,9.806842461344914,0,4
625,12.30658438329634,0,6
750,12.863414220637466,0,6
875,12.897047765345746,0,6
1000,13.343423396745848,0,6
1250,13.383133828377126,0,6
1500,13.419779768828832,0,6
1750,13.723978598959889,0,6
2000,14.340941323402333,0,6
3000,13.491543516940055,0,4
inf,14.344546875953256,0,5
