bandwidth,time
250,0.9383808593750004
500,0.9383808593750004
750,0
1000,0
1250,0
1500,0.5205769531250013
1750,0.5205769531250013
2000,0.5205769531250013
2250,0.5205769531250013
