bandwidth,optimizer,energy,device,payload
250.0,7.4409096804877155,0,2,{}
500.0,8.7920100306974,0,2,{}
750.0,9.242376814100627,0,2,{}
1000.0,9.467560205802242,0,2,{}
1250.0,9.602670240823214,0,2,{}
1500.0,9.692743597503876,0,2,{}
1750.0,9.757081709418609,0,2,{}
2000.0,9.805335293354672,0,2,{}
2250.0,9.842865858638284,0,2,{}
