bandwidth,optimizer,energy,device,payload
250.0,1.6527798148665317e-14,0,2,{}
500.0,1.6527798148665317e-14,0,2,{}
750.0,1.6527798148665317e-14,0,2,{}
1000.0,1.5454480831791784,0,2,{}
1250.0,3.159368541636677,0,2,{}
1500.0,3.1604800981147187,0,2,{}
1750.0,3.161274067027606,0,2,{}
2000.0,3.796945427911411,0,2,{}
2250.0,3.817170958916385,0,2,{}
