bandwidth,optimizer,energy,device,payload
250.0,-3.8349705815813535e-14,0,2,{}
500.0,-3.8349705815813535e-14,0,2,{}
750.0,-3.8349705815813535e-14,0,2,{}
1000.0,-3.8349705815813535e-14,0,2,{}
1250.0,-3.8349705815813535e-14,0,2,{}
1500.0,-3.8349705815813535e-14,0,2,{}
1750.0,-3.8349705815813535e-14,0,2,{}
2000.0,0.6158036405903439,0,2,{}
2250.0,2.187864103893375,0,2,{}
