bandwidth,optimizer,energy,device,payload
250.0,1.5540036888634379,0,2,{}
500.0,2.2716275519938867,0,2,{}
750.0,2.5108355063707077,0,2,{}
1000.0,2.630439483559118,0,2,{}
1250.0,2.7022018698721535,0,2,{}
1500.0,2.7500434607475146,0,2,{}
1750.0,2.7842160256584934,0,2,{}
2000.0,2.80984544934172,0,2,{}
2250.0,2.829779445539793,0,2,{}
