bandwidth,time
250,3.1174821052631687
500,3.1174821052631687
750,3.1174821052631687
1000,1.1020000000000054
1250,1.1020000000000054
1500,1.1020000000000054
1750,1.1020000000000054
2000,0
2250,0
