bandwidth,optimizer,energy,device,payload
250.0,-261.7368149730896,0,2,{}
500.0,-260.02620248066995,0,2,{}
750.0,-259.45599831653004,0,2,{}
1000.0,-259.1708962344601,0,2,{}
1250.0,-258.9998349852182,0,2,{}
1500.0,-258.8857941523902,0,2,{}
1750.0,-258.8043364146559,0,2,{}
2000.0,-258.74324311135524,0,2,{}
2250.0,-258.6957260976769,0,2,{}
