bandwidth,optimizer,energy,device,payload
250.0,-791.7520781309833,0,2,{}
500.0,-790.0414656385635,0,2,{}
750.0,-789.4712614744236,0,2,{}
1000.0,-789.1861593923536,0,2,{}
1250.0,-789.0150981431116,0,2,{}
1500.0,-788.9010573102837,0,2,{}
1750.0,-788.8195995725495,0,2,{}
2000.0,-788.7585062692488,0,2,{}
2250.0,-788.7109892555704,0,2,{}
