bandwidth,time
250,1.400202734375
500,1.400202734375
750,1.400202734375
1000,1.400202734375
1250,1.400202734375
1500,1.400202734375
1750,1.400202734375
2000,1.400202734375
2250,1.400202734375
