bandwidth,optimizer,energy,device,payload
250.0,-271.4778214240982,0,2,{}
500.0,-270.3392533789169,0,2,{}
750.0,-269.95973069718985,0,2,{}
1000.0,-269.76996935632627,0,2,{}
1250.0,-269.6561125518082,0,2,{}
1500.0,-269.58020801546274,0,2,{}
1750.0,-269.52599048950174,0,2,{}
2000.0,-269.4853273450309,0,2,{}
2250.0,-269.4537004548871,0,2,{}
