bandwidth,optimizer,energy,device,payload
250.0,0.0,0,2,{}
500.0,0.0,0,2,{}
750.0,0.8499859629548568,0,2,{}
1000.0,1.2117174572998624,0,2,{}
1250.0,1.4808279238804196,0,2,{}
1500.0,3.308391625435643,0,2,{}
1750.0,3.7658381005769543,0,2,{}
2000.0,4.032053208976858,0,2,{}
2250.0,4.239109404399005,0,2,{}
