bandwidth,optimizer,energy,device,payload
250.0,2.7008052592906426,0,2,{}
500.0,4.477695043464442,0,2,{}
750.0,4.477827612800687,0,2,{}
1000.0,4.47789389746882,0,2,{}
1250.0,4.9171186452473545,0,2,{}
1500.0,5.109397873388924,0,2,{}
1750.0,5.258929929672371,0,2,{}
2000.0,5.275218913401997,0,2,{}
2250.0,5.287888122969477,0,2,{}
