bandwidth,optimizer,energy,device,payload
250.0,-1389.6429473684223,0,2,{}
500.0,-1389.6429473684223,0,2,{}
750.0,-1389.6429473684223,0,2,{}
1000.0,-1186.5492887589267,0,2,{}
1250.0,-1184.9353683004692,0,2,{}
1500.0,-1184.934256743991,0,2,{}
1750.0,-1184.9334627750782,0,2,{}
2000.0,-856.7191072036678,0,2,{}
2250.0,-856.6988816726628,0,2,{}
